                  epoch,         train/box_loss,         train/cls_loss,         train/dfl_loss,   metrics/precision(B),      metrics/recall(B),       metrics/mAP50(B),    metrics/mAP50-95(B),           val/box_loss,           val/cls_loss,           val/dfl_loss,                 lr/pg0,                 lr/pg1,                 lr/pg2
                      1,                 1.8666,                 2.0104,                 1.4166,                0.61453,                0.34277,                0.38286,                0.17451,                 2.0283,                 1.5601,                 1.3968,              0.0033182,              0.0033182,              0.0033182
                      2,                 1.6072,                 1.2622,                 1.1938,                0.71895,                0.54325,                0.61517,                0.33522,                 1.4822,                 1.0681,                  1.117,              0.0066296,              0.0066296,              0.0066296
                      3,                 1.6101,                 1.2628,                 1.1899,                0.54314,                0.43593,                0.43621,                0.22669,                 1.6491,                 1.7065,                 1.2087,              0.0099189,              0.0099189,              0.0099189
                      4,                 1.6181,                 1.2765,                 1.2023,                0.73206,                0.40795,                 0.4792,                0.26746,                 1.5917,                 1.6929,                 1.1706,               0.009901,               0.009901,               0.009901
                      5,                 1.5621,                 1.1914,                  1.185,                0.69785,                0.56743,                0.62104,                0.35988,                 1.4003,                 1.0564,                 1.1028,               0.009868,               0.009868,               0.009868
                      6,                 1.5174,                 1.1384,                 1.1701,                0.74819,                0.57206,                0.64502,                0.37777,                 1.3919,                0.96516,                 1.1047,               0.009835,               0.009835,               0.009835
                      7,                 1.4842,                 1.0844,                 1.1583,                0.74508,                0.61582,                0.68314,                0.35982,                 1.6446,                0.98592,                 1.1866,               0.009802,               0.009802,               0.009802
                      8,                 1.4638,                 1.0637,                   1.15,                0.76066,                0.59382,                0.67476,                0.38306,                 1.4582,                0.98294,                 1.1255,               0.009769,               0.009769,               0.009769
                      9,                 1.4516,                 1.0494,                 1.1452,                0.76254,                0.64907,                0.71449,                0.43504,                 1.3168,                0.92144,                 1.0736,               0.009736,               0.009736,               0.009736
                     10,                 1.4378,                 1.0209,                 1.1362,                0.77402,                0.66662,                 0.7439,                0.45122,                 1.3257,                0.83719,                 1.0806,               0.009703,               0.009703,               0.009703
                     11,                 1.4228,                 1.0092,                 1.1329,                0.76851,                0.68366,                0.75123,                0.45153,                 1.3469,                0.81843,                 1.0904,                0.00967,                0.00967,                0.00967
                     12,                 1.4156,                0.99711,                 1.1343,                0.76711,                 0.6639,                0.74072,                0.43706,                 1.4074,                0.81762,                 1.1049,               0.009637,               0.009637,               0.009637
                     13,                 1.4024,                0.98153,                 1.1243,                0.78235,                 0.6885,                0.76181,                0.47284,                 1.2231,                0.76478,                 1.0426,               0.009604,               0.009604,               0.009604
                     14,                  1.398,                0.97265,                 1.1218,                0.79397,                 0.6755,                0.75596,                0.47225,                 1.2737,                0.76576,                 1.0662,               0.009571,               0.009571,               0.009571
                     15,                 1.3872,                 0.9613,                 1.1182,                0.79831,                0.71342,                0.78918,                0.49911,                 1.2163,                0.72869,                 1.0371,               0.009538,               0.009538,               0.009538
                     16,                 1.3726,                0.94924,                 1.1117,                0.80052,                0.70275,                0.78625,                0.49379,                 1.2429,                0.73509,                 1.0495,               0.009505,               0.009505,               0.009505
                     17,                 1.3633,                 0.9373,                 1.1134,                0.79851,                0.69063,                0.77077,                0.49211,                 1.2404,                0.72945,                 1.0448,               0.009472,               0.009472,               0.009472
                     18,                   1.37,                0.94156,                 1.1103,                0.80014,                0.71079,                0.78964,                0.51284,                 1.1943,                0.70254,                 1.0354,               0.009439,               0.009439,               0.009439
                     19,                 1.3619,                 0.9349,                 1.1078,                0.81167,                0.72327,                0.79889,                0.51686,                 1.1647,                0.71474,                 1.0227,               0.009406,               0.009406,               0.009406
                     20,                 1.3503,                0.91751,                 1.1049,                0.80259,                0.72364,                0.79612,                0.49857,                 1.2403,                0.71094,                  1.041,               0.009373,               0.009373,               0.009373
                     21,                 1.3438,                0.91015,                 1.1016,                 0.8275,                0.71515,                0.80723,                0.51665,                 1.1902,                0.70324,                 1.0276,                0.00934,                0.00934,                0.00934
                     22,                 1.3354,                0.90356,                 1.0948,                 0.8137,                0.73266,                0.80907,                 0.5302,                 1.1638,                0.68679,                  1.019,               0.009307,               0.009307,               0.009307
                     23,                 1.3329,                0.90384,                 1.0973,                0.81096,                0.73326,                0.80995,                0.53036,                 1.1671,                0.66935,                 1.0284,               0.009274,               0.009274,               0.009274
                     24,                 1.3352,                0.90191,                 1.0991,                0.81333,                0.73846,                0.81561,                0.53014,                   1.17,                0.67289,                 1.0242,               0.009241,               0.009241,               0.009241
                     25,                 1.3257,                0.89517,                 1.0929,                0.81238,                0.73043,                 0.8055,                0.53171,                 1.1605,                0.68087,                 1.0195,               0.009208,               0.009208,               0.009208
                     26,                 1.3308,                0.89359,                 1.0929,                0.81588,                0.73927,                0.81271,                 0.5264,                 1.1775,                0.68752,                 1.0235,               0.009175,               0.009175,               0.009175
                     27,                 1.3241,                0.89538,                  1.091,                 0.8158,                0.74545,                0.82269,                0.54203,                 1.1357,                0.67038,                 1.0146,               0.009142,               0.009142,               0.009142
                     28,                 1.3185,                0.88683,                 1.0894,                0.82007,                0.74852,                0.82361,                0.53558,                 1.1641,                0.66779,                  1.021,               0.009109,               0.009109,               0.009109
                     29,                  1.314,                0.88682,                 1.0901,                0.83905,                0.73925,                0.82837,                0.53741,                 1.1684,                0.66581,                 1.0239,               0.009076,               0.009076,               0.009076
                     30,                  1.308,                0.87249,                 1.0846,                0.81518,                 0.7563,                0.83111,                0.54747,                  1.143,                0.65667,                 1.0159,               0.009043,               0.009043,               0.009043
                     31,                 1.3033,                0.87467,                 1.0855,                0.82189,                0.75185,                0.82859,                0.55023,                 1.1399,                0.64782,                 1.0155,                0.00901,                0.00901,                0.00901
                     32,                 1.2922,                0.86436,                 1.0822,                0.81765,                0.75984,                0.83189,                0.55067,                 1.1477,                0.64948,                 1.0182,               0.008977,               0.008977,               0.008977
                     33,                  1.292,                0.86236,                 1.0816,                0.81788,                0.75936,                0.82983,                0.54732,                 1.1565,                0.64664,                 1.0197,               0.008944,               0.008944,               0.008944
                     34,                 1.2941,                0.86431,                 1.0826,                0.84066,                0.74912,                0.83216,                0.55707,                 1.1103,                0.62955,                  1.004,               0.008911,               0.008911,               0.008911
                     35,                 1.3001,                0.86912,                 1.0815,                0.82329,                0.76762,                0.83273,                0.55018,                 1.1282,                0.63958,                 1.0073,               0.008878,               0.008878,               0.008878
                     36,                 1.2848,                 0.8547,                 1.0746,                0.81832,                 0.7661,                0.83841,                0.56357,                 1.1086,                0.62552,                 1.0047,               0.008845,               0.008845,               0.008845
                     37,                 1.2812,                0.85007,                 1.0755,                0.83495,                0.76777,                0.84207,                0.56286,                 1.1256,                 0.6265,                 1.0056,               0.008812,               0.008812,               0.008812
                     38,                 1.2806,                 0.8497,                 1.0734,                0.82217,                0.77255,                0.83936,                0.56077,                 1.1399,                0.63021,                 1.0116,               0.008779,               0.008779,               0.008779
                     39,                 1.2738,                0.84932,                  1.073,                 0.8379,                0.77213,                0.84627,                0.57119,                 1.0958,                0.61348,                0.99818,               0.008746,               0.008746,               0.008746
                     40,                 1.2658,                0.83722,                  1.066,                0.82631,                0.76889,                 0.8434,                0.56755,                 1.1071,                0.61944,                0.99987,               0.008713,               0.008713,               0.008713
                     41,                 1.2704,                0.84611,                 1.0721,                0.83142,                0.77049,                0.84683,                 0.5678,                  1.106,                0.61596,                  1.002,                0.00868,                0.00868,                0.00868
                     42,                 1.2611,                0.83516,                 1.0687,                0.82737,                0.77832,                0.84756,                0.56923,                 1.0992,                0.61092,                 1.0001,               0.008647,               0.008647,               0.008647
                     43,                 1.2663,                0.83685,                 1.0697,                0.84268,                0.76376,                0.85077,                0.57523,                 1.0932,                0.60691,                0.99964,               0.008614,               0.008614,               0.008614
                     44,                 1.2643,                0.83517,                 1.0701,                0.82766,                0.78156,                0.84994,                0.57368,                 1.1054,                0.60816,                  1.002,               0.008581,               0.008581,               0.008581
                     45,                 1.2615,                0.83799,                 1.0676,                 0.8562,                0.76421,                0.85449,                0.57945,                 1.0839,                0.60057,                 0.9973,               0.008548,               0.008548,               0.008548
                     46,                 1.2573,                0.83097,                 1.0673,                0.83641,                0.77874,                0.85287,                0.57915,                 1.0864,                0.60354,                0.99779,               0.008515,               0.008515,               0.008515
                     47,                 1.2536,                0.83017,                 1.0665,                 0.8326,                0.78549,                0.85597,                0.58277,                 1.0772,                0.59792,                 0.9953,               0.008482,               0.008482,               0.008482
                     48,                 1.2613,                0.83385,                 1.0684,                0.83604,                0.78599,                0.85552,                0.58366,                 1.0707,                0.59708,                0.99296,               0.008449,               0.008449,               0.008449
                     49,                 1.2638,                0.83881,                 1.0708,                 0.8217,                0.79397,                 0.8556,                0.58519,                 1.0628,                 0.5953,                0.99252,               0.008416,               0.008416,               0.008416
                     50,                 1.2435,                0.82111,                 1.0615,                0.84507,                0.76877,                0.85302,                 0.5854,                 1.0636,                0.59496,                0.99093,               0.008383,               0.008383,               0.008383
                     51,                 1.2537,                0.82235,                  1.067,                0.84125,                0.77466,                0.85304,                0.58572,                  1.064,                0.59319,                0.99068,                0.00835,                0.00835,                0.00835
                     52,                 1.2461,                0.81827,                  1.064,                0.82869,                0.78345,                0.85392,                0.58332,                  1.079,                0.59473,                0.99502,               0.008317,               0.008317,               0.008317
                     53,                 1.2496,                0.81887,                 1.0631,                0.84079,                0.77687,                0.85455,                0.58306,                 1.0869,                0.59559,                0.99633,               0.008284,               0.008284,               0.008284
                     54,                 1.2443,                0.81312,                 1.0616,                0.84824,                0.77583,                0.85718,                 0.5847,                 1.0835,                0.59256,                0.99501,               0.008251,               0.008251,               0.008251
                     55,                 1.2443,                0.81805,                 1.0612,                0.85286,                0.77484,                0.85818,                 0.5881,                 1.0707,                0.58987,                0.99091,               0.008218,               0.008218,               0.008218
                     56,                 1.2416,                0.81653,                 1.0588,                 0.8495,                0.77749,                0.85784,                 0.5902,                 1.0646,                0.58959,                0.98954,               0.008185,               0.008185,               0.008185
                     57,                 1.2336,                 0.8075,                 1.0589,                0.84564,                0.77537,                 0.8581,                0.59149,                 1.0618,                 0.5867,                0.98948,               0.008152,               0.008152,               0.008152
                     58,                 1.2363,                0.80898,                 1.0562,                 0.8597,                0.76696,                0.85938,                  0.593,                 1.0626,                0.58656,                 0.9895,               0.008119,               0.008119,               0.008119
                     59,                 1.2406,                0.81011,                 1.0595,                0.85185,                0.77284,                0.85905,                 0.5932,                   1.06,                0.58492,                0.98866,               0.008086,               0.008086,               0.008086
                     60,                 1.2291,                0.80273,                 1.0551,                0.84871,                0.77932,                0.85943,                0.59504,                 1.0544,                0.58344,                0.98683,               0.008053,               0.008053,               0.008053
                     61,                 1.2356,                0.80901,                  1.057,                0.84277,                0.78662,                0.86082,                0.59567,                 1.0535,                0.58267,                0.98652,                0.00802,                0.00802,                0.00802
                     62,                 1.2252,                0.80033,                 1.0522,                0.84494,                0.78471,                0.86188,                0.59714,                 1.0488,                0.58147,                0.98509,               0.007987,               0.007987,               0.007987
                     63,                 1.2373,                0.80418,                 1.0599,                0.84253,                0.78705,                0.86253,                0.59736,                 1.0497,                0.58138,                0.98556,               0.007954,               0.007954,               0.007954
                     64,                 1.2282,                0.79922,                 1.0534,                 0.8402,                0.79202,                0.86323,                0.59744,                 1.0523,                0.58063,                0.98615,               0.007921,               0.007921,               0.007921
                     65,                 1.2275,                0.80071,                  1.057,                0.83551,                 0.7969,                0.86413,                0.59769,                 1.0533,                0.58072,                0.98656,               0.007888,               0.007888,               0.007888
                     66,                 1.2208,                0.79457,                 1.0541,                0.83991,                0.79117,                0.86433,                0.59804,                 1.0522,                   0.58,                  0.986,               0.007855,               0.007855,               0.007855
                     67,                 1.2217,                0.79695,                 1.0509,                0.84473,                0.78641,                0.86397,                0.59873,                  1.054,                0.57945,                0.98633,               0.007822,               0.007822,               0.007822
                     68,                 1.2224,                0.79345,                   1.05,                0.84402,                0.78728,                0.86503,                0.59967,                 1.0522,                0.57929,                0.98583,               0.007789,               0.007789,               0.007789
                     69,                 1.2181,                0.79362,                  1.049,                0.84865,                0.78467,                0.86512,                0.59953,                 1.0541,                 0.5786,                0.98634,               0.007756,               0.007756,               0.007756
                     70,                 1.2114,                0.78751,                 1.0487,                0.85198,                0.78384,                0.86518,                0.60027,                 1.0501,                 0.5776,                0.98526,               0.007723,               0.007723,               0.007723
                     71,                   1.21,                0.78513,                 1.0475,                0.85376,                0.78323,                 0.8653,                0.60102,                  1.048,                0.57683,                0.98465,                0.00769,                0.00769,                0.00769
                     72,                 1.2135,                0.78655,                 1.0467,                0.85498,                0.78135,                0.86581,                0.60106,                 1.0495,                0.57692,                0.98485,               0.007657,               0.007657,               0.007657
                     73,                 1.2197,                0.78937,                 1.0499,                0.84932,                0.78443,                 0.8661,                0.60134,                 1.0485,                0.57605,                0.98439,               0.007624,               0.007624,               0.007624
                     74,                 1.2161,                 0.7946,                 1.0522,                0.84961,                0.78536,                0.86601,                0.60134,                 1.0492,                0.57596,                0.98453,               0.007591,               0.007591,               0.007591
                     75,                 1.2192,                0.79047,                 1.0495,                0.85177,                0.78375,                 0.8662,                0.60113,                 1.0497,                0.57573,                0.98457,               0.007558,               0.007558,               0.007558
                     76,                 1.2144,                0.78883,                 1.0479,                0.84166,                0.79211,                0.86682,                0.60144,                 1.0493,                0.57509,                0.98453,               0.007525,               0.007525,               0.007525
                     77,                 1.2093,                0.78383,                 1.0454,                0.83812,                0.79322,                0.86721,                0.60124,                 1.0505,                0.57467,                0.98461,               0.007492,               0.007492,               0.007492
                     78,                 1.2206,                0.78876,                 1.0509,                 0.8331,                0.79732,                0.86679,                0.60114,                 1.0498,                0.57413,                0.98436,               0.007459,               0.007459,               0.007459
                     79,                 1.2127,                0.78384,                 1.0489,                0.84262,                0.79037,                0.86689,                0.60203,                 1.0494,                0.57367,                0.98422,               0.007426,               0.007426,               0.007426
                     80,                  1.212,                0.78571,                 1.0503,                0.84466,                0.78969,                0.86746,                 0.6026,                 1.0484,                0.57305,                0.98392,               0.007393,               0.007393,               0.007393
                     81,                  1.201,                0.77421,                 1.0433,                0.84485,                0.79069,                0.86738,                0.60243,                 1.0477,                0.57277,                0.98356,                0.00736,                0.00736,                0.00736
                     82,                 1.2033,                0.77827,                 1.0446,                0.84718,                0.78983,                0.86805,                0.60299,                 1.0461,                0.57224,                0.98303,               0.007327,               0.007327,               0.007327
                     83,                 1.2113,                 0.7852,                 1.0458,                0.84881,                0.78918,                0.86795,                0.60365,                 1.0454,                0.57193,                0.98283,               0.007294,               0.007294,               0.007294
                     84,                 1.2066,                0.77945,                 1.0443,                0.84971,                0.78782,                0.86869,                0.60376,                 1.0457,                0.57178,                0.98288,               0.007261,               0.007261,               0.007261
                     85,                 1.2026,                0.77921,                 1.0437,                0.84954,                0.78901,                0.86882,                0.60401,                 1.0458,                 0.5716,                0.98282,               0.007228,               0.007228,               0.007228
                     86,                 1.2106,                0.78075,                 1.0473,                0.84877,                0.78912,                0.86933,                0.60425,                 1.0454,                0.57155,                0.98266,               0.007195,               0.007195,               0.007195
                     87,                 1.2016,                0.77432,                 1.0448,                0.84849,                0.78962,                0.86931,                0.60457,                 1.0446,                0.57106,                0.98248,               0.007162,               0.007162,               0.007162
                     88,                  1.195,                0.77468,                 1.0432,                0.84631,                0.79155,                 0.8693,                0.60463,                 1.0444,                0.57081,                0.98242,               0.007129,               0.007129,               0.007129
                     89,                 1.1976,                 0.7743,                 1.0422,                0.84733,                0.79256,                0.86922,                0.60467,                 1.0437,                0.57027,                0.98213,               0.007096,               0.007096,               0.007096
                     90,                  1.203,                 0.7725,                 1.0432,                0.85416,                0.78712,                0.86971,                0.60493,                 1.0434,                0.57008,                0.98195,               0.007063,               0.007063,               0.007063
                     91,                 1.1903,                 0.7641,                 1.0419,                0.85307,                0.78875,                0.86954,                0.60504,                 1.0437,                0.57027,                0.98205,                0.00703,                0.00703,                0.00703
                     92,                 1.1944,                0.76848,                 1.0423,                0.85194,                0.79025,                0.86932,                0.60497,                  1.044,                0.57013,                0.98214,               0.006997,               0.006997,               0.006997
                     93,                 1.1975,                0.77209,                 1.0406,                0.85171,                0.79078,                0.86939,                0.60532,                  1.044,                0.56977,                0.98216,               0.006964,               0.006964,               0.006964
                     94,                  1.194,                0.76426,                  1.041,                0.85214,                0.79186,                0.86942,                0.60527,                 1.0441,                0.56952,                0.98219,               0.006931,               0.006931,               0.006931
                     95,                 1.1949,                0.76548,                 1.0386,                0.84997,                0.79335,                0.86965,                0.60541,                 1.0444,                0.56939,                0.98223,               0.006898,               0.006898,               0.006898
                     96,                 1.1897,                0.76183,                 1.0351,                0.85077,                0.79246,                0.86983,                0.60521,                 1.0453,                 0.5691,                0.98239,               0.006865,               0.006865,               0.006865
                     97,                 1.1919,                0.76364,                 1.0386,                0.84832,                0.79474,                0.86997,                0.60567,                 1.0455,                 0.5689,                0.98239,               0.006832,               0.006832,               0.006832
                     98,                  1.191,                0.76377,                 1.0409,                0.84548,                0.79645,                 0.8702,                0.60581,                 1.0456,                0.56865,                0.98235,               0.006799,               0.006799,               0.006799
                     99,                 1.1802,                0.75843,                 1.0366,                0.84463,                0.79651,                 0.8704,                 0.6056,                 1.0459,                0.56865,                0.98242,               0.006766,               0.006766,               0.006766
                    100,                 1.1849,                0.76209,                 1.0363,                0.85236,                0.79372,                0.87066,                0.60587,                 1.0453,                0.56827,                0.98227,               0.006733,               0.006733,               0.006733
                    101,                 1.1856,                0.75759,                 1.0363,                0.85653,                 0.7913,                0.87088,                0.60567,                 1.0452,                0.56816,                0.98218,                 0.0067,                 0.0067,                 0.0067
                    102,                 1.1841,                0.75932,                 1.0387,                0.85579,                 0.7918,                0.87097,                0.60589,                 1.0452,                0.56832,                0.98214,               0.006667,               0.006667,               0.006667
                    103,                 1.1873,                0.75812,                 1.0376,                0.85784,                 0.7897,                0.87118,                0.60646,                  1.045,                0.56786,                0.98206,               0.006634,               0.006634,               0.006634
                    104,                 1.1839,                0.75567,                 1.0366,                0.85576,                0.79023,                0.87122,                0.60627,                 1.0456,                0.56769,                0.98216,               0.006601,               0.006601,               0.006601
                    105,                 1.1739,                0.75097,                 1.0314,                0.85798,                0.78791,                0.87146,                0.60628,                 1.0456,                0.56733,                0.98208,               0.006568,               0.006568,               0.006568
                    106,                  1.179,                0.75487,                 1.0365,                0.85796,                0.78879,                0.87158,                0.60672,                 1.0457,                0.56723,                0.98206,               0.006535,               0.006535,               0.006535
                    107,                 1.1834,                0.75881,                 1.0357,                0.85636,                0.79058,                0.87173,                0.60684,                 1.0451,                0.56694,                0.98187,               0.006502,               0.006502,               0.006502
                    108,                  1.182,                0.75701,                 1.0349,                0.85747,                0.79069,                0.87157,                0.60688,                 1.0448,                0.56641,                0.98176,               0.006469,               0.006469,               0.006469
                    109,                 1.1764,                0.74805,                 1.0323,                0.85683,                0.79055,                0.87161,                0.60693,                 1.0453,                0.56631,                0.98186,               0.006436,               0.006436,               0.006436
                    110,                 1.1812,                0.75355,                 1.0365,                0.85704,                0.79059,                0.87175,                 0.6069,                 1.0455,                0.56613,                0.98194,               0.006403,               0.006403,               0.006403
                    111,                 1.1769,                0.75133,                 1.0331,                0.85693,                 0.7905,                0.87195,                0.60717,                 1.0456,                0.56599,                0.98194,                0.00637,                0.00637,                0.00637
                    112,                 1.1821,                0.75331,                  1.036,                0.85945,                0.78686,                0.87197,                0.60749,                 1.0448,                0.56567,                0.98167,               0.006337,               0.006337,               0.006337
                    113,                 1.1814,                0.75959,                 1.0369,                 0.8595,                0.78689,                0.87209,                0.60776,                 1.0446,                0.56549,                0.98165,               0.006304,               0.006304,               0.006304
                    114,                 1.1811,                0.75362,                 1.0354,                0.85738,                 0.7883,                0.87216,                0.60822,                 1.0444,                0.56541,                0.98157,               0.006271,               0.006271,               0.006271
                    115,                 1.1799,                0.74872,                 1.0325,                0.85715,                0.78814,                0.87226,                0.60828,                 1.0443,                0.56535,                0.98146,               0.006238,               0.006238,               0.006238
                    116,                 1.1742,                0.74992,                 1.0318,                  0.858,                0.78782,                0.87249,                0.60869,                 1.0439,                0.56486,                0.98133,               0.006205,               0.006205,               0.006205
                    117,                 1.1769,                 0.7494,                 1.0302,                0.85733,                0.78706,                 0.8726,                0.60898,                 1.0436,                0.56447,                0.98117,               0.006172,               0.006172,               0.006172
                    118,                   1.17,                0.74298,                 1.0324,                0.85731,                0.78781,                0.87266,                0.60896,                 1.0435,                0.56428,                0.98123,               0.006139,               0.006139,               0.006139
                    119,                 1.1722,                0.74647,                 1.0344,                 0.8573,                0.78812,                0.87272,                0.60917,                 1.0433,                0.56427,                0.98111,               0.006106,               0.006106,               0.006106
                    120,                 1.1684,                0.75002,                 1.0318,                0.85835,                0.78826,                0.87277,                0.60945,                 1.0435,                0.56401,                0.98108,               0.006073,               0.006073,               0.006073
                    121,                 1.1695,                0.74565,                 1.0324,                0.85683,                0.78876,                0.87263,                0.60966,                 1.0441,                0.56389,                0.98122,                0.00604,                0.00604,                0.00604
                    122,                 1.1654,                0.74076,                 1.0265,                0.85933,                0.78751,                0.87275,                0.60951,                 1.0437,                 0.5639,                0.98103,               0.006007,               0.006007,               0.006007
                    123,                 1.1629,                0.73412,                 1.0258,                0.86155,                0.78718,                0.87294,                0.60984,                 1.0436,                0.56339,                0.98093,               0.005974,               0.005974,               0.005974
                    124,                 1.1614,                0.73939,                 1.0248,                0.85137,                0.79434,                0.87298,                0.61019,                 1.0439,                0.56311,                  0.981,               0.005941,               0.005941,               0.005941
                    125,                 1.1667,                0.74192,                 1.0269,                0.85045,                0.79473,                0.87319,                0.61034,                 1.0435,                 0.5628,                0.98094,               0.005908,               0.005908,               0.005908
                    126,                 1.1614,                0.73483,                 1.0271,                0.85378,                0.79309,                 0.8732,                0.61007,                 1.0428,                0.56234,                 0.9807,               0.005875,               0.005875,               0.005875
                    127,                 1.1634,                0.74185,                 1.0299,                0.85415,                0.79255,                0.87316,                0.61063,                 1.0425,                0.56218,                0.98063,               0.005842,               0.005842,               0.005842
                    128,                 1.1661,                0.74175,                 1.0269,                0.85126,                0.79397,                0.87312,                 0.6107,                 1.0422,                0.56188,                0.98051,               0.005809,               0.005809,               0.005809
                    129,                 1.1667,                0.74015,                 1.0289,                0.85323,                0.79359,                0.87348,                0.61117,                 1.0416,                0.56144,                0.98032,               0.005776,               0.005776,               0.005776
                    130,                 1.1632,                0.74313,                 1.0273,                0.85225,                0.79356,                0.87355,                0.61132,                 1.0411,                0.56147,                0.98019,               0.005743,               0.005743,               0.005743
                    131,                  1.156,                0.73345,                 1.0236,                 0.8529,                0.79337,                0.87396,                0.61189,                 1.0409,                0.56113,                0.98011,                0.00571,                0.00571,                0.00571
                    132,                 1.1508,                0.72856,                  1.022,                0.85362,                0.79411,                0.87395,                0.61178,                 1.0411,                0.56107,                0.98017,               0.005677,               0.005677,               0.005677
                    133,                  1.156,                0.73885,                 1.0225,                0.85515,                0.79294,                0.87399,                0.61174,                 1.0411,                 0.5608,                0.98005,               0.005644,               0.005644,               0.005644
                    134,                 1.1617,                0.73628,                 1.0258,                0.85501,                0.79322,                0.87381,                0.61196,                 1.0412,                0.56078,                0.98005,               0.005611,               0.005611,               0.005611
                    135,                  1.155,                0.73231,                 1.0269,                0.85427,                0.79538,                0.87383,                 0.6123,                 1.0407,                0.56072,                 0.9799,               0.005578,               0.005578,               0.005578
                    136,                 1.1533,                0.72872,                 1.0254,                0.85695,                0.79431,                0.87402,                0.61203,                  1.041,                0.56048,                0.97995,               0.005545,               0.005545,               0.005545
                    137,                 1.1522,                0.72756,                 1.0209,                0.85816,                0.79312,                0.87415,                0.61202,                 1.0414,                0.56022,                0.97995,               0.005512,               0.005512,               0.005512
                    138,                 1.1576,                0.72906,                 1.0248,                0.85587,                0.79533,                0.87416,                0.61204,                 1.0413,                0.56003,                0.97991,               0.005479,               0.005479,               0.005479
                    139,                 1.1515,                0.72759,                  1.023,                 0.8577,                0.79513,                0.87417,                0.61204,                 1.0411,                0.55987,                0.97978,               0.005446,               0.005446,               0.005446
                    140,                 1.1506,                0.72785,                 1.0211,                0.85976,                0.79365,                0.87457,                0.61225,                 1.0407,                0.55949,                0.97956,               0.005413,               0.005413,               0.005413
                    141,                 1.1529,                 0.7316,                 1.0243,                0.86071,                0.79397,                0.87447,                0.61207,                 1.0408,                0.55921,                0.97949,                0.00538,                0.00538,                0.00538
                    142,                 1.1492,                0.73106,                 1.0223,                0.85986,                0.79523,                0.87451,                0.61261,                 1.0409,                0.55881,                 0.9794,               0.005347,               0.005347,               0.005347
                    143,                 1.1507,                0.72703,                 1.0247,                0.86029,                0.79494,                0.87469,                0.61276,                 1.0404,                0.55877,                0.97925,               0.005314,               0.005314,               0.005314
                    144,                  1.142,                0.72164,                 1.0195,                0.86092,                0.79431,                0.87494,                0.61265,                 1.0403,                0.55857,                0.97914,               0.005281,               0.005281,               0.005281
                    145,                 1.1513,                0.72659,                 1.0209,                0.86357,                0.79293,                0.87497,                0.61306,                 1.0402,                0.55827,                0.97897,               0.005248,               0.005248,               0.005248
                    146,                 1.1545,                0.72507,                 1.0237,                0.86339,                0.79287,                0.87492,                0.61307,                 1.0405,                0.55824,                0.97905,               0.005215,               0.005215,               0.005215
                    147,                 1.1422,                0.72129,                 1.0197,                0.86229,                0.79442,                 0.8748,                0.61344,                 1.0399,                0.55799,                 0.9788,               0.005182,               0.005182,               0.005182
                    148,                 1.1528,                  0.726,                 1.0218,                0.86169,                0.79485,                0.87488,                0.61379,                 1.0394,                0.55775,                 0.9786,               0.005149,               0.005149,               0.005149
                    149,                 1.1468,                0.72418,                 1.0189,                0.86023,                 0.7955,                0.87483,                 0.6137,                 1.0393,                0.55725,                0.97854,               0.005116,               0.005116,               0.005116
                    150,                 1.1345,                0.71296,                 1.0159,                0.85976,                0.79538,                0.87476,                0.61391,                 1.0389,                0.55707,                0.97838,               0.005083,               0.005083,               0.005083
                    151,                 1.1414,                0.71864,                 1.0192,                0.85942,                0.79546,                0.87488,                0.61388,                 1.0392,                0.55691,                0.97845,                0.00505,                0.00505,                0.00505
                    152,                 1.1403,                0.71746,                 1.0167,                0.85728,                0.79698,                0.87478,                0.61369,                 1.0395,                 0.5566,                0.97847,               0.005017,               0.005017,               0.005017
                    153,                 1.1409,                0.72015,                 1.0197,                0.85671,                0.79801,                0.87519,                0.61385,                 1.0392,                0.55642,                0.97842,               0.004984,               0.004984,               0.004984
                    154,                 1.1377,                0.71913,                 1.0201,                0.85669,                0.79782,                0.87522,                 0.6136,                 1.0394,                0.55626,                0.97842,               0.004951,               0.004951,               0.004951
                    155,                 1.1367,                0.71881,                 1.0204,                0.85756,                0.79767,                0.87542,                0.61369,                 1.0397,                0.55603,                0.97849,               0.004918,               0.004918,               0.004918
                    156,                  1.138,                0.71561,                 1.0193,                0.85689,                0.79855,                0.87537,                0.61372,                   1.04,                0.55583,                0.97852,               0.004885,               0.004885,               0.004885
                    157,                  1.138,                0.71077,                 1.0184,                0.85793,                0.79853,                0.87532,                0.61356,                 1.0405,                0.55573,                0.97871,               0.004852,               0.004852,               0.004852
                    158,                 1.1413,                0.71478,                  1.021,                0.85802,                0.79748,                 0.8754,                0.61365,                 1.0405,                0.55542,                0.97871,               0.004819,               0.004819,               0.004819
                    159,                 1.1348,                0.71367,                 1.0169,                0.85792,                0.79704,                0.87539,                0.61398,                 1.0403,                0.55539,                0.97864,               0.004786,               0.004786,               0.004786
                    160,                 1.1312,                0.71099,                 1.0152,                0.85664,                0.79795,                0.87574,                0.61409,                 1.0404,                0.55538,                0.97858,               0.004753,               0.004753,               0.004753
                    161,                 1.1398,                0.72092,                 1.0197,                0.85677,                0.79856,                0.87558,                0.61436,                 1.0403,                0.55526,                0.97857,                0.00472,                0.00472,                0.00472
                    162,                 1.1332,                0.71332,                 1.0178,                0.85758,                0.79788,                0.87574,                0.61436,                 1.0401,                 0.5551,                0.97848,               0.004687,               0.004687,               0.004687
                    163,                 1.1367,                0.71089,                 1.0146,                0.85733,                0.79783,                 0.8758,                0.61428,                 1.0402,                0.55491,                0.97845,               0.004654,               0.004654,               0.004654
                    164,                 1.1326,                0.71062,                 1.0131,                0.85887,                 0.7962,                0.87561,                0.61436,                 1.0397,                0.55475,                0.97829,               0.004621,               0.004621,               0.004621
                    165,                 1.1355,                0.71426,                 1.0169,                0.85867,                0.79601,                0.87604,                0.61456,                 1.0398,                0.55471,                0.97832,               0.004588,               0.004588,               0.004588
                    166,                  1.133,                0.70573,                 1.0162,                0.85863,                0.79623,                0.87606,                0.61485,                 1.0396,                0.55456,                0.97828,               0.004555,               0.004555,               0.004555
                    167,                 1.1211,                0.70346,                 1.0114,                0.85902,                0.79591,                0.87621,                0.61497,                 1.0395,                0.55445,                0.97823,               0.004522,               0.004522,               0.004522
                    168,                  1.132,                 0.7103,                 1.0139,                0.85954,                 0.7962,                0.87615,                0.61496,                 1.0396,                0.55414,                0.97821,               0.004489,               0.004489,               0.004489
                    169,                 1.1362,                0.71107,                 1.0169,                0.85915,                0.79696,                0.87604,                 0.6152,                 1.0395,                0.55381,                0.97825,               0.004456,               0.004456,               0.004456
                    170,                 1.1249,                0.70273,                 1.0142,                0.86007,                0.79661,                0.87627,                0.61527,                 1.0395,                0.55349,                0.97822,               0.004423,               0.004423,               0.004423
                    171,                 1.1199,                0.69831,                 1.0103,                0.86046,                0.79665,                0.87616,                0.61562,                 1.0392,                0.55326,                0.97817,                0.00439,                0.00439,                0.00439
                    172,                 1.1253,                0.70105,                 1.0141,                0.86069,                0.79657,                0.87639,                0.61575,                 1.0393,                0.55333,                0.97815,               0.004357,               0.004357,               0.004357
                    173,                  1.127,                0.70407,                 1.0141,                0.86168,                0.79581,                0.87646,                0.61581,                 1.0393,                0.55317,                0.97822,               0.004324,               0.004324,               0.004324
                    174,                 1.1195,                0.69841,                 1.0098,                0.86029,                  0.796,                0.87589,                0.61597,                 1.0393,                0.55296,                0.97819,               0.004291,               0.004291,               0.004291
                    175,                 1.1294,                0.70465,                 1.0133,                0.85905,                 0.7977,                0.87599,                0.61612,                 1.0389,                0.55287,                0.97806,               0.004258,               0.004258,               0.004258
                    176,                 1.1235,                0.69937,                 1.0081,                0.85824,                0.79839,                0.87602,                0.61664,                 1.0379,                0.55261,                0.97778,               0.004225,               0.004225,               0.004225
                    177,                 1.1221,                0.69955,                 1.0101,                0.85787,                0.79843,                0.87616,                0.61682,                 1.0376,                0.55237,                0.97767,               0.004192,               0.004192,               0.004192
                    178,                 1.1202,                0.69576,                 1.0095,                0.85796,                0.79879,                0.87617,                0.61659,                 1.0379,                0.55237,                0.97775,               0.004159,               0.004159,               0.004159
                    179,                 1.1189,                0.69981,                 1.0112,                 0.8561,                0.79981,                0.87627,                0.61686,                 1.0383,                0.55226,                0.97778,               0.004126,               0.004126,               0.004126
                    180,                 1.1183,                0.69742,                 1.0107,                0.85351,                0.80115,                0.87627,                0.61692,                 1.0383,                0.55223,                0.97782,               0.004093,               0.004093,               0.004093
                    181,                 1.1176,                 0.6972,                 1.0099,                0.85363,                0.80091,                0.87623,                0.61683,                 1.0384,                0.55224,                0.97785,                0.00406,                0.00406,                0.00406
                    182,                 1.1179,                0.69688,                 1.0094,                0.85388,                0.80179,                 0.8764,                0.61704,                  1.038,                0.55205,                0.97775,               0.004027,               0.004027,               0.004027
                    183,                 1.1155,                0.69728,                 1.0095,                0.85474,                0.80155,                0.87691,                0.61733,                  1.038,                0.55198,                0.97775,               0.003994,               0.003994,               0.003994
                    184,                 1.1125,                0.69504,                 1.0048,                0.85398,                0.80293,                 0.8768,                0.61722,                 1.0378,                0.55186,                0.97769,               0.003961,               0.003961,               0.003961
                    185,                 1.1133,                0.69177,                 1.0058,                0.85531,                0.80242,                0.87673,                0.61743,                 1.0375,                0.55173,                0.97766,               0.003928,               0.003928,               0.003928
                    186,                 1.1141,                0.69224,                 1.0072,                 0.8527,                 0.8041,                0.87664,                0.61749,                 1.0374,                0.55144,                0.97765,               0.003895,               0.003895,               0.003895
                    187,                 1.1153,                0.69292,                 1.0075,                0.85343,                0.80422,                0.87661,                0.61761,                 1.0372,                0.55146,                0.97759,               0.003862,               0.003862,               0.003862
                    188,                 1.1133,                0.68774,                 1.0069,                0.85295,                0.80526,                0.87666,                 0.6178,                 1.0366,                0.55123,                0.97738,               0.003829,               0.003829,               0.003829
                    189,                 1.1151,                0.69135,                 1.0075,                0.85271,                0.80585,                0.87673,                0.61824,                 1.0361,                0.55078,                0.97721,               0.003796,               0.003796,               0.003796
                    190,                 1.1122,                0.68974,                  1.007,                0.85436,                0.80533,                0.87693,                0.61856,                  1.036,                0.55057,                0.97714,               0.003763,               0.003763,               0.003763
                    191,                 1.1131,                0.69226,                 1.0093,                0.85429,                0.80572,                0.87689,                0.61847,                 1.0357,                0.55025,                0.97706,                0.00373,                0.00373,                0.00373
                    192,                 1.1097,                0.68833,                 1.0082,                0.85493,                0.80498,                0.87679,                0.61894,                 1.0351,                 0.5499,                0.97687,               0.003697,               0.003697,               0.003697
                    193,                 1.1047,                0.68608,                 1.0043,                0.85489,                0.80534,                0.87693,                0.61911,                  1.035,                0.54987,                 0.9768,               0.003664,               0.003664,               0.003664
                    194,                 1.1058,                0.68631,                  1.004,                0.85469,                0.80597,                0.87699,                0.61902,                 1.0351,                0.54966,                0.97679,               0.003631,               0.003631,               0.003631
                    195,                 1.1147,                0.69154,                 1.0063,                0.85725,                0.80375,                0.87689,                0.61927,                 1.0352,                0.54974,                0.97673,               0.003598,               0.003598,               0.003598
                    196,                 1.1047,                0.68255,                 1.0021,                0.85475,                0.80589,                0.87705,                0.61942,                 1.0347,                0.54969,                 0.9766,               0.003565,               0.003565,               0.003565
                    197,                 1.1057,                0.68386,                 1.0042,                0.85607,                0.80501,                0.87706,                0.61979,                 1.0347,                0.54954,                0.97659,               0.003532,               0.003532,               0.003532
                    198,                 1.1013,                0.68177,                  1.003,                0.85644,                0.80472,                0.87718,                0.61989,                 1.0342,                0.54915,                0.97648,               0.003499,               0.003499,               0.003499
                    199,                 1.1082,                0.68739,                  1.005,                0.85864,                0.80301,                0.87733,                0.62038,                 1.0333,                0.54896,                0.97626,               0.003466,               0.003466,               0.003466
                    200,                 1.1032,                0.68269,                  1.003,                 0.8593,                0.80191,                0.87716,                0.62013,                 1.0331,                0.54878,                0.97615,               0.003433,               0.003433,               0.003433
                    201,                 1.1001,                0.67883,                 1.0019,                0.85954,                0.80132,                 0.8768,                0.62009,                 1.0329,                0.54861,                0.97602,                 0.0034,                 0.0034,                 0.0034
                    202,                 1.1054,                0.68208,                 1.0014,                0.85658,                0.80313,                0.87689,                0.62003,                 1.0327,                0.54863,                0.97595,               0.003367,               0.003367,               0.003367
                    203,                 1.0981,                0.68095,                 1.0003,                0.85694,                0.80269,                0.87688,                0.62015,                 1.0325,                0.54844,                0.97586,               0.003334,               0.003334,               0.003334
                    204,                 1.0951,                0.67322,                0.99759,                0.85647,                0.80173,                0.87711,                0.62055,                 1.0321,                 0.5483,                0.97568,               0.003301,               0.003301,               0.003301
                    205,                 1.0981,                0.67845,                 1.0015,                0.85633,                0.80172,                 0.8773,                0.62092,                 1.0318,                0.54822,                0.97557,               0.003268,               0.003268,               0.003268
                    206,                 1.0955,                0.67433,                0.99731,                 0.8547,                0.80401,                 0.8774,                0.62075,                 1.0318,                0.54802,                0.97549,               0.003235,               0.003235,               0.003235
                    207,                 1.0988,                0.67828,                 1.0029,                0.85765,                0.80114,                0.87732,                 0.6212,                 1.0318,                0.54795,                0.97549,               0.003202,               0.003202,               0.003202
                    208,                 1.0963,                0.67534,                 1.0018,                0.85814,                  0.802,                0.87752,                0.62134,                 1.0314,                0.54773,                0.97542,               0.003169,               0.003169,               0.003169
                    209,                 1.0945,                0.67349,                 0.9985,                0.85627,                0.80352,                0.87777,                0.62168,                 1.0315,                0.54777,                0.97548,               0.003136,               0.003136,               0.003136
                    210,                  1.096,                0.67422,                0.99769,                0.85764,                0.80146,                0.87774,                0.62158,                 1.0315,                0.54781,                0.97543,               0.003103,               0.003103,               0.003103
                    211,                 1.0933,                  0.671,                0.99863,                0.85773,                0.80179,                0.87772,                0.62128,                 1.0318,                0.54797,                 0.9755,                0.00307,                0.00307,                0.00307
                    212,                 1.0932,                0.67212,                0.99712,                0.85455,                0.80447,                0.87786,                0.62136,                 1.0324,                0.54791,                0.97561,               0.003037,               0.003037,               0.003037
                    213,                 1.0921,                0.66935,                0.99781,                0.85598,                0.80418,                0.87794,                0.62144,                 1.0324,                0.54801,                0.97561,               0.003004,               0.003004,               0.003004
                    214,                 1.0892,                0.67073,                0.99611,                0.85605,                0.80475,                0.87791,                0.62143,                 1.0325,                0.54764,                 0.9756,               0.002971,               0.002971,               0.002971
                    215,                 1.0847,                0.66704,                0.99595,                0.85555,                0.80548,                0.87794,                0.62135,                 1.0327,                0.54758,                 0.9756,               0.002938,               0.002938,               0.002938
                    216,                 1.0954,                0.67482,                0.99991,                0.85548,                0.80583,                0.87774,                0.62136,                 1.0328,                0.54746,                0.97562,               0.002905,               0.002905,               0.002905
                    217,                 1.0818,                0.66488,                0.99542,                0.85529,                0.80606,                0.87774,                0.62128,                 1.0322,                0.54737,                 0.9754,               0.002872,               0.002872,               0.002872
                    218,                 1.0865,                0.66549,                0.99478,                0.85717,                0.80477,                0.87771,                0.62136,                  1.032,                 0.5471,                0.97536,               0.002839,               0.002839,               0.002839
                    219,                 1.0829,                0.66238,                0.99372,                0.85675,                0.80434,                0.87779,                0.62158,                 1.0319,                0.54694,                0.97531,               0.002806,               0.002806,               0.002806
                    220,                 1.0811,                0.66449,                0.99387,                0.85647,                 0.8052,                0.87774,                0.62162,                 1.0319,                0.54693,                0.97525,               0.002773,               0.002773,               0.002773
                    221,                 1.0864,                0.66734,                0.99537,                0.85578,                 0.8051,                0.87767,                0.62168,                 1.0323,                0.54674,                0.97529,                0.00274,                0.00274,                0.00274
                    222,                 1.0885,                0.66642,                0.99442,                0.85359,                0.80649,                0.87745,                0.62178,                 1.0323,                0.54679,                0.97518,               0.002707,               0.002707,               0.002707
                    223,                 1.0809,                0.66317,                0.99466,                0.85567,                0.80482,                0.87738,                0.62151,                 1.0323,                0.54688,                0.97512,               0.002674,               0.002674,               0.002674
                    224,                 1.0887,                 0.6683,                0.99502,                 0.8551,                0.80628,                 0.8775,                 0.6215,                 1.0328,                0.54675,                0.97515,               0.002641,               0.002641,               0.002641
                    225,                 1.0728,                0.65662,                0.99336,                 0.8535,                0.80732,                0.87746,                0.62152,                  1.033,                0.54692,                0.97518,               0.002608,               0.002608,               0.002608
                    226,                 1.0693,                0.65202,                0.98947,                0.85119,                0.80848,                0.87751,                0.62171,                  1.033,                0.54672,                0.97515,               0.002575,               0.002575,               0.002575
                    227,                 1.0761,                0.65725,                0.99217,                0.84943,                0.81001,                 0.8775,                0.62146,                 1.0328,                0.54658,                0.97503,               0.002542,               0.002542,               0.002542
                    228,                 1.0807,                0.65883,                0.99285,                   0.85,                0.80954,                0.87736,                 0.6216,                 1.0329,                 0.5465,                  0.975,               0.002509,               0.002509,               0.002509
                    229,                 1.0781,                0.65775,                0.99462,                 0.8498,                0.80975,                0.87745,                0.62142,                 1.0332,                0.54667,                 0.9751,               0.002476,               0.002476,               0.002476
                    230,                 1.0753,                0.65763,                0.99209,                0.84887,                0.81163,                0.87739,                0.62191,                  1.033,                0.54653,                0.97503,               0.002443,               0.002443,               0.002443
                    231,                 1.0657,                0.64862,                0.98892,                 0.8434,                0.81597,                 0.8774,                0.62214,                 1.0326,                0.54624,                0.97486,                0.00241,                0.00241,                0.00241
                    232,                 1.0713,                0.65232,                0.98976,                0.84249,                0.81615,                0.87751,                0.62259,                 1.0324,                0.54639,                0.97479,               0.002377,               0.002377,               0.002377
                    233,                 1.0731,                0.65573,                0.99349,                0.84223,                0.81633,                0.87756,                0.62258,                 1.0318,                0.54641,                0.97477,               0.002344,               0.002344,               0.002344
                    234,                 1.0722,                0.65322,                0.99144,                0.84244,                0.81805,                0.87763,                0.62271,                 1.0315,                0.54626,                0.97466,               0.002311,               0.002311,               0.002311
                    235,                 1.0704,                0.64909,                0.99053,                0.84221,                0.81787,                0.87734,                0.62292,                 1.0316,                0.54626,                 0.9747,               0.002278,               0.002278,               0.002278
                    236,                 1.0665,                0.64917,                0.98951,                0.84269,                0.81756,                 0.8774,                0.62291,                 1.0311,                0.54632,                 0.9747,               0.002245,               0.002245,               0.002245
                    237,                 1.0753,                0.65675,                0.99222,                0.83993,                 0.8208,                 0.8774,                  0.623,                 1.0312,                 0.5465,                0.97468,               0.002212,               0.002212,               0.002212
                    238,                 1.0688,                0.64993,                0.98862,                0.83793,                0.82182,                0.87726,                0.62284,                 1.0311,                0.54646,                0.97463,               0.002179,               0.002179,               0.002179
                    239,                 1.0655,                0.64746,                0.98767,                0.83853,                0.82187,                0.87722,                0.62269,                 1.0311,                0.54649,                0.97463,               0.002146,               0.002146,               0.002146
                    240,                 1.0564,                0.64358,                0.98518,                0.83824,                0.82289,                0.87731,                 0.6226,                 1.0312,                0.54652,                0.97464,               0.002113,               0.002113,               0.002113
                    241,                  1.068,                0.65109,                0.99283,                0.84169,                0.81766,                0.87725,                0.62261,                 1.0305,                0.54631,                0.97446,                0.00208,                0.00208,                0.00208
                    242,                 1.0639,                0.64507,                0.98922,                0.84077,                0.81952,                0.87726,                0.62297,                   1.03,                0.54631,                0.97432,               0.002047,               0.002047,               0.002047
                    243,                 1.0639,                0.64356,                0.98771,                0.83983,                0.81867,                0.87718,                0.62286,                 1.0301,                0.54636,                 0.9743,               0.002014,               0.002014,               0.002014
                    244,                 1.0534,                 0.6387,                 0.9843,                0.84007,                0.82012,                0.87707,                 0.6227,                 1.0297,                0.54631,                0.97424,               0.001981,               0.001981,               0.001981
                    245,                 1.0588,                0.64299,                0.98512,                0.84183,                0.81733,                0.87697,                0.62267,                 1.0294,                0.54638,                0.97413,               0.001948,               0.001948,               0.001948
                    246,                 1.0642,                0.64684,                0.98697,                0.84087,                 0.8195,                0.87684,                0.62281,                  1.029,                0.54621,                0.97399,               0.001915,               0.001915,               0.001915
                    247,                 1.0505,                0.63399,                0.98027,                0.84008,                0.81935,                0.87683,                0.62263,                 1.0288,                0.54641,                0.97385,               0.001882,               0.001882,               0.001882
                    248,                 1.0586,                0.64039,                0.98486,                0.84006,                0.82032,                 0.8768,                0.62287,                 1.0288,                0.54647,                0.97382,               0.001849,               0.001849,               0.001849
                    249,                 1.0554,                0.64067,                0.98778,                0.84083,                0.81924,                0.87675,                0.62326,                 1.0278,                0.54625,                0.97359,               0.001816,               0.001816,               0.001816
                    250,                 1.0474,                0.63464,                0.98216,                0.83913,                0.82097,                0.87655,                0.62337,                 1.0275,                0.54659,                0.97353,               0.001783,               0.001783,               0.001783
                    251,                  1.051,                0.63143,                0.98255,                0.84046,                0.81928,                0.87638,                0.62321,                 1.0271,                 0.5468,                0.97343,                0.00175,                0.00175,                0.00175
                    252,                 1.0469,                0.63574,                0.98375,                0.84062,                0.82035,                0.87633,                0.62291,                 1.0272,                0.54703,                0.97361,               0.001717,               0.001717,               0.001717
                    253,                 1.0485,                0.63273,                0.98416,                0.83914,                0.82128,                0.87629,                0.62304,                 1.0271,                0.54729,                0.97351,               0.001684,               0.001684,               0.001684
                    254,                  1.042,                0.62754,                0.97994,                0.84044,                0.82056,                0.87603,                0.62263,                 1.0277,                0.54768,                0.97362,               0.001651,               0.001651,               0.001651
                    255,                 1.0511,                0.63458,                0.98117,                0.83959,                0.82152,                0.87621,                 0.6229,                 1.0271,                0.54743,                0.97349,               0.001618,               0.001618,               0.001618
                    256,                 1.0478,                0.63339,                0.98479,                0.83943,                0.82121,                0.87585,                0.62263,                 1.0274,                0.54784,                0.97365,               0.001585,               0.001585,               0.001585
                    257,                 1.0439,                0.62975,                0.98141,                0.84069,                0.81923,                0.87575,                0.62267,                 1.0275,                0.54808,                0.97369,               0.001552,               0.001552,               0.001552
                    258,                 1.0458,                0.63239,                0.98226,                0.84009,                 0.8195,                0.87576,                0.62296,                 1.0272,                0.54813,                0.97363,               0.001519,               0.001519,               0.001519
                    259,                 1.0468,                 0.6314,                0.98178,                0.83905,                0.82048,                0.87566,                0.62305,                 1.0271,                0.54844,                0.97366,               0.001486,               0.001486,               0.001486
                    260,                 1.0425,                0.62767,                0.97967,                0.84095,                0.81926,                0.87579,                0.62337,                 1.0268,                0.54842,                0.97349,               0.001453,               0.001453,               0.001453
                    261,                 1.0493,                0.63335,                0.98043,                0.84159,                0.81812,                0.87551,                0.62278,                 1.0272,                0.54901,                 0.9736,                0.00142,                0.00142,                0.00142
                    262,                 1.0368,                0.62221,                0.97786,                0.84198,                 0.8181,                0.87547,                0.62281,                 1.0271,                0.54901,                0.97351,               0.001387,               0.001387,               0.001387
                    263,                 1.0429,                0.62697,                0.98049,                 0.8419,                0.81948,                0.87544,                0.62272,                 1.0274,                0.54922,                0.97353,               0.001354,               0.001354,               0.001354
                    264,                  1.044,                0.62515,                0.97679,                0.84094,                0.81967,                 0.8754,                0.62305,                  1.027,                0.54924,                0.97351,               0.001321,               0.001321,               0.001321
                    265,                  1.038,                0.62581,                0.97981,                0.84103,                0.81929,                0.87534,                0.62306,                 1.0273,                 0.5496,                0.97353,               0.001288,               0.001288,               0.001288
                    266,                 1.0369,                0.62252,                0.97776,                0.84074,                0.81901,                0.87534,                0.62304,                 1.0278,                0.54996,                0.97362,               0.001255,               0.001255,               0.001255
                    267,                 1.0271,                0.61403,                0.97488,                0.84019,                0.81972,                0.87524,                0.62323,                 1.0277,                0.55007,                0.97358,               0.001222,               0.001222,               0.001222
                    268,                 1.0341,                0.62276,                0.97705,                0.84117,                0.81932,                0.87525,                0.62311,                 1.0273,                0.55019,                0.97348,               0.001189,               0.001189,               0.001189
                    269,                  1.026,                0.61363,                0.97509,                0.84065,                0.81988,                0.87518,                0.62346,                  1.027,                0.55015,                0.97347,               0.001156,               0.001156,               0.001156
                    270,                 1.0354,                0.62251,                0.97388,                0.84225,                0.81809,                0.87502,                0.62302,                 1.0276,                0.55067,                0.97354,               0.001123,               0.001123,               0.001123
                    271,                 1.0317,                0.61754,                0.97498,                  0.842,                0.81819,                0.87497,                0.62339,                 1.0279,                0.55094,                0.97364,                0.00109,                0.00109,                0.00109
                    272,                 1.0278,                0.61216,                0.97711,                0.84294,                0.81834,                0.87502,                0.62343,                 1.0275,                0.55102,                 0.9735,               0.001057,               0.001057,               0.001057
                    273,                 1.0252,                0.61506,                 0.9742,                0.84398,                0.81719,                 0.8748,                0.62355,                  1.027,                0.55087,                0.97337,               0.001024,               0.001024,               0.001024
                    274,                 1.0342,                0.62066,                0.97601,                0.84517,                0.81564,                 0.8748,                 0.6233,                 1.0269,                0.55102,                0.97334,               0.000991,               0.000991,               0.000991
                    275,                 1.0314,                0.61588,                0.97714,                0.84381,                0.81681,                0.87445,                0.62347,                 1.0265,                 0.5511,                0.97326,               0.000958,               0.000958,               0.000958
                    276,                 1.0252,                0.61385,                0.97402,                0.84508,                0.81603,                0.87466,                0.62342,                 1.0258,                 0.5511,                0.97304,               0.000925,               0.000925,               0.000925
                    277,                 1.0225,                0.61177,                0.97477,                0.84425,                0.81642,                0.87464,                0.62351,                 1.0255,                0.55127,                0.97295,               0.000892,               0.000892,               0.000892
                    278,                 1.0192,                0.60782,                0.97181,                0.84316,                0.81657,                0.87447,                0.62357,                 1.0257,                0.55157,                  0.973,               0.000859,               0.000859,               0.000859
                    279,                 1.0196,                0.60659,                0.97235,                0.84358,                0.81714,                0.87439,                0.62363,                 1.0257,                0.55161,                0.97296,               0.000826,               0.000826,               0.000826
                    280,                 1.0165,                 0.6043,                0.96959,                 0.8418,                0.81634,                0.87388,                0.62373,                 1.0252,                0.55181,                0.97275,               0.000793,               0.000793,               0.000793
                    281,                 1.0177,                0.60731,                0.96912,                0.84216,                0.81656,                0.87383,                0.62375,                 1.0249,                0.55168,                0.97264,                0.00076,                0.00076,                0.00076
                    282,                 1.0111,                0.60443,                0.96802,                0.84105,                0.81626,                0.87311,                0.62353,                 1.0247,                0.55197,                0.97261,               0.000727,               0.000727,               0.000727
                    283,                 1.0137,                0.60391,                0.96804,                0.84237,                0.81571,                 0.8732,                0.62363,                 1.0245,                 0.5521,                0.97252,               0.000694,               0.000694,               0.000694
                    284,                 1.0134,                0.60205,                0.96573,                0.84206,                0.81513,                0.87304,                0.62354,                 1.0241,                0.55211,                 0.9724,               0.000661,               0.000661,               0.000661
                    285,                 1.0137,                  0.601,                0.96791,                0.84313,                  0.814,                 0.8731,                0.62359,                 1.0239,                0.55215,                0.97236,               0.000628,               0.000628,               0.000628
                    286,                 1.0115,                0.60249,                0.96933,                0.84331,                0.81374,                0.87294,                0.62358,                 1.0237,                0.55211,                0.97233,               0.000595,               0.000595,               0.000595
                    287,                 1.0174,                0.60706,                0.97182,                0.84395,                0.81406,                0.87295,                0.62334,                 1.0236,                0.55232,                0.97237,               0.000562,               0.000562,               0.000562
                    288,                 1.0062,                0.59757,                0.96643,                0.84479,                0.81288,                0.87304,                0.62368,                 1.0231,                0.55216,                0.97231,               0.000529,               0.000529,               0.000529
                    289,                 1.0082,                0.60115,                0.96806,                0.84563,                0.81237,                0.87306,                0.62369,                 1.0228,                0.55213,                0.97224,               0.000496,               0.000496,               0.000496
                    290,                 1.0136,                0.60119,                0.96859,                0.84682,                0.81119,                 0.8729,                0.62366,                 1.0223,                0.55211,                0.97219,               0.000463,               0.000463,               0.000463
                    291,                0.85182,                0.44359,                0.91761,                0.84654,                0.81148,                0.87287,                0.62387,                 1.0219,                0.55212,                0.97208,                0.00043,                0.00043,                0.00043
                    292,                0.83375,                0.43117,                 0.9119,                0.84667,                0.81013,                0.87301,                0.62378,                 1.0216,                0.55216,                  0.972,               0.000397,               0.000397,               0.000397
                    293,                0.82815,                0.42671,                0.90933,                0.84772,                0.80916,                  0.873,                0.62377,                 1.0211,                0.55203,                0.97187,               0.000364,               0.000364,               0.000364
                    294,                 0.8264,                0.42602,                0.90925,                0.84797,                0.80903,                0.87271,                0.62414,                 1.0206,                0.55201,                0.97175,               0.000331,               0.000331,               0.000331
                    295,                0.82483,                0.42329,                0.90875,                0.84785,                0.80952,                0.87258,                0.62434,                 1.0199,                0.55191,                0.97158,               0.000298,               0.000298,               0.000298
                    296,                0.82103,                0.42234,                0.90793,                0.84897,                0.80731,                 0.8726,                 0.6247,                 1.0191,                0.55188,                0.97142,               0.000265,               0.000265,               0.000265
                    297,                0.81556,                0.41864,                0.90695,                0.84903,                0.80794,                0.87274,                0.62491,                 1.0185,                0.55189,                0.97136,               0.000232,               0.000232,               0.000232
                    298,                0.81689,                0.41696,                0.90597,                0.85086,                0.80606,                0.87263,                 0.6248,                 1.0182,                0.55209,                0.97137,               0.000199,               0.000199,               0.000199
                    299,                0.81405,                0.41824,                0.90725,                0.85136,                0.80597,                 0.8726,                0.62508,                 1.0172,                0.55207,                0.97123,               0.000166,               0.000166,               0.000166
                    300,                  0.812,                0.41472,                0.90485,                0.85163,                0.80595,                0.87266,                 0.6253,                 1.0168,                0.55222,                0.97112,               0.000133,               0.000133,               0.000133
